case,policy,refinement,repetition,pass,points,attempts,rejects,solves,doubling,voltage_error,current_error,voltage_limit,current_limit,seconds
rc_a0.0001_t9.9999999999999995e-07_b0,0,0,0,0,123,136,14,1162,136,2.8672536370093156e-07,0,2.1999999999999998e-07,0,0.00076050499999999997
rc_a0.0001_t9.9999999999999995e-07_b0,0,1,0,0,191,204,14,1706,204,2.8691606547653046e-07,0,2.1999999999999998e-07,0,0.00087336800000000002
rc_a0.0001_t9.9999999999999995e-07_b0,1,0,0,0,125,138,14,652,44,2.6922822675205557e-07,0,2.1999999999999998e-07,0,0.000353471
rc_a0.0001_t9.9999999999999995e-07_b0,1,1,0,0,191,204,14,848,47,2.6936292384247823e-07,0,2.1999999999999998e-07,0,0.000469581
rc_a0.0001_t9.9999999999999995e-07_b400,0,0,0,0,123,136,14,1162,136,2.8712489153815725e-07,0,2.1999999999999998e-07,0,0.00059314600000000002
rc_a0.0001_t9.9999999999999995e-07_b400,0,1,0,0,191,204,14,1706,204,2.8731573127886885e-07,0,2.1999999999999998e-07,0,0.00082742999999999998
rc_a0.0001_t9.9999999999999995e-07_b400,1,0,0,0,125,138,14,652,44,2.6962793469979558e-07,0,2.1999999999999998e-07,0,0.00036577499999999999
rc_a0.0001_t9.9999999999999995e-07_b400,1,1,0,0,191,204,14,848,47,2.6976236797214385e-07,0,2.1999999999999998e-07,0,0.00055228799999999995
rc_a1_t1.0000000000000001e-09_b0,0,0,0,0,256,289,34,2598,289,0.00033018648741056644,0,0.00020020000000000001,0,0.0012662039999999999
rc_a1_t1.0000000000000001e-09_b0,0,1,0,0,298,331,34,2972,331,0.00033030235536724017,0,0.00020020000000000001,0,0.0014566749999999999
rc_a1_t1.0000000000000001e-09_b0,1,0,0,0,267,300,34,1354,76,0.00030988131527165397,0,0.00020020000000000001,0,0.00073937299999999998
rc_a1_t1.0000000000000001e-09_b0,1,1,0,0,308,341,34,1482,77,0.00031014182215638453,0,0.00020020000000000001,0,0.00083244000000000005
rc_a1_t0.001_b0,0,0,0,0,256,289,34,2598,289,0.00033018648739502332,0,0.00020020000000000001,0,0.001266103
rc_a1_t0.001_b0,0,1,0,0,298,331,34,2972,331,0.00033030235537090391,0,0.00020020000000000001,0,0.0014255559999999999
rc_a1_t0.001_b0,1,0,0,0,267,300,34,1354,76,0.00030988131525477858,0,0.00020020000000000001,0,0.00073216999999999998
rc_a1_t0.001_b0,1,1,0,0,308,341,34,1482,77,0.00031014182216093644,0,0.00020020000000000001,0,0.00081034800000000001
rc_a1_t1_b0,0,0,0,0,256,289,34,2598,289,0.00033018648738569745,0,0.00020020000000000001,0,0.001284248
rc_a1_t1_b0,0,1,0,0,298,331,34,2972,331,0.00033030235537589991,0,0.00020020000000000001,0,0.001462175
rc_a1_t1_b0,1,0,0,0,267,300,34,1354,76,0.00030988131525910845,0,0.00020020000000000001,0,0.00076663600000000001
rc_a1_t1_b0,1,1,0,0,308,341,34,1482,77,0.00031014182215660657,0,0.00020020000000000001,0,0.00080324499999999996
rc_a100_t0.001_b0,0,0,0,0,274,306,33,2754,306,0.032981436390173258,0,0.020000199999999999,0,0.001322971
rc_a100_t0.001_b0,0,1,0,0,316,348,33,3132,348,0.032998280326978602,0,0.020000199999999999,0,0.0015214880000000001
rc_a100_t0.001_b0,1,0,0,0,279,310,32,1356,71,0.030962000963938863,0,0.020000199999999999,0,0.00076967099999999998
rc_a100_t0.001_b0,1,1,0,0,320,351,32,1485,72,0.030987414695132998,0,0.020000199999999999,0,0.00082471499999999995
rlc_r0.02_a0.001_t9.9999999999999995e-07_b0,0,0,0,0,590,686,97,6174,686,3.8001635318153626e-05,3.6650921211869641e-05,7.0000000000000007e-06,5.0200000000000002e-06,0.003697419
rlc_r0.02_a0.001_t9.9999999999999995e-07_b0,0,1,0,0,596,688,93,6192,688,3.651751449884296e-05,3.5149179267866988e-05,7.0000000000000007e-06,5.0200000000000002e-06,0.0037247109999999999
rlc_r0.02_a0.001_t9.9999999999999995e-07_b0,1,0,0,0,586,678,93,2736,117,3.8124513149944794e-05,3.6767396241941868e-05,7.0000000000000007e-06,5.0200000000000002e-06,0.0019270680000000001
rlc_r0.02_a0.001_t9.9999999999999995e-07_b0,1,1,0,0,595,684,90,2754,117,3.6553445575038929e-05,3.5194615190546727e-05,7.0000000000000007e-06,5.0200000000000002e-06,0.0019390709999999999
rlc_r0.02_a1_t9.9999999999999995e-07_b0,0,0,0,0,737,903,167,8127,903,0.028383404029640236,0.027525555097784205,0.0050020000000000004,0.00500002,0.0047894019999999999
rlc_r0.02_a1_t9.9999999999999995e-07_b0,0,1,0,0,740,912,173,8208,912,0.028148656180569165,0.027284713572854447,0.0050020000000000004,0.00500002,0.0048946420000000003
rlc_r0.02_a1_t9.9999999999999995e-07_b0,1,0,0,0,732,894,163,3498,136,0.028452616277992115,0.027588496180574684,0.0050020000000000004,0.00500002,0.0024907079999999999
rlc_r0.02_a1_t9.9999999999999995e-07_b0,1,1,0,0,738,907,170,3573,142,0.028187443324742323,0.027323949309206119,0.0050020000000000004,0.00500002,0.002439601
rlc_r0.02_a1_t0.001_b400,0,0,0,0,737,903,167,8127,903,0.028383404188815575,0.027525554825554743,0.0050020000000000004,0.00500002,0.0047642240000000001
rlc_r0.02_a1_t0.001_b400,0,1,0,0,740,912,173,8208,912,0.028148646467883509,0.027284703610332306,0.0050020000000000004,0.00500002,0.0047669280000000001
rlc_r0.02_a1_t0.001_b400,1,0,0,0,732,894,163,3498,136,0.028452616641487793,0.027588496123482353,0.0050020000000000004,0.00500002,0.0024304140000000001
rlc_r0.02_a1_t0.001_b400,1,1,0,0,738,907,170,3573,142,0.02818845865559183,0.027324985051366268,0.0050020000000000004,0.00500002,0.0024830130000000001
rlc_r0.02_a100_t0.001_b0,0,0,0,0,772,951,180,8559,951,2.8377755692319653,2.7523669609420125,0.50000199999999995,0.50000001999999999,0.0049688520000000002
rlc_r0.02_a100_t0.001_b0,0,1,0,0,772,950,179,8550,950,2.8120577995616003,2.7255068525881683,0.50000199999999995,0.50000001999999999,0.0049596450000000004
rlc_r0.02_a100_t0.001_b0,1,0,0,0,767,934,168,3654,142,2.8423129405239749,2.7563339353833598,0.50000199999999995,0.50000001999999999,0.0025375860000000001
rlc_r0.02_a100_t0.001_b0,1,1,0,0,765,934,170,3642,140,2.8228324001850993,2.7362440102098802,0.50000199999999995,0.50000001999999999,0.0025300930000000002
rlc_r0.5_a0.001_t9.9999999999999995e-07_b0,0,0,0,1,510,585,76,5265,585,2.5445575947047241e-06,2.514973392938962e-06,7.0000000000000007e-06,5.0200000000000002e-06,0.0030723819999999998
rlc_r0.5_a0.001_t9.9999999999999995e-07_b0,0,1,0,1,542,598,57,5382,598,2.0970255275453049e-06,2.1630415662228075e-06,7.0000000000000007e-06,5.0200000000000002e-06,0.0031630030000000002
rlc_r0.5_a0.001_t9.9999999999999995e-07_b0,1,0,0,1,517,595,79,2679,149,2.4660083572070838e-06,2.4749649670478672e-06,7.0000000000000007e-06,5.0200000000000002e-06,0.001831687
rlc_r0.5_a0.001_t9.9999999999999995e-07_b0,1,1,0,1,544,598,55,2646,142,2.0640827649320327e-06,2.1421018682533152e-06,7.0000000000000007e-06,5.0200000000000002e-06,0.001793855
rlc_r0.5_a1_t9.9999999999999995e-07_b0,0,0,0,1,652,799,148,7191,799,0.0019131658405742158,0.0020112964372204223,0.0050020000000000004,0.00500002,0.0042298689999999998
rlc_r0.5_a1_t9.9999999999999995e-07_b0,0,1,0,1,666,802,137,7218,802,0.0016656720659689039,0.0017396272664265133,0.0050020000000000004,0.00500002,0.0041941510000000001
rlc_r0.5_a1_t9.9999999999999995e-07_b0,1,0,0,1,656,796,141,3354,161,0.0018622244228603257,0.0019737302517635058,0.0050020000000000004,0.00500002,0.0023161969999999999
rlc_r0.5_a1_t9.9999999999999995e-07_b0,1,1,0,1,674,807,134,3387,161,0.0016376239736870524,0.0017214376515816143,0.0050020000000000004,0.00500002,0.0022965799999999999
rlc_r0.5_a1_t0.001_b400,0,0,0,1,652,799,148,7191,799,0.0019131662451883358,0.0020112969032872186,0.0050020000000000004,0.00500002,0.0042344269999999998
rlc_r0.5_a1_t0.001_b400,0,1,0,1,666,802,137,7218,802,0.001665672442726418,0.0017396276189403093,0.0050020000000000004,0.00500002,0.0042170050000000002
rlc_r0.5_a1_t0.001_b400,1,0,0,1,656,796,141,3354,161,0.0018622248532409458,0.0019737306736781202,0.0050020000000000004,0.00500002,0.0022643279999999999
rlc_r0.5_a1_t0.001_b400,1,1,0,1,674,807,134,3387,161,0.0016376243910087851,0.001721438065189429,0.0050020000000000004,0.00500002,0.0023239720000000001
rlc_r0.5_a100_t0.001_b0,0,0,0,1,686,826,141,7434,826,0.19115136872744642,0.20081774151415743,0.50000199999999995,0.50000001999999999,0.0043254610000000001
rlc_r0.5_a100_t0.001_b0,0,1,0,1,706,847,142,7623,847,0.16640130882299786,0.17400521393754786,0.50000199999999995,0.50000001999999999,0.0044748840000000002
rlc_r0.5_a100_t0.001_b0,1,0,0,1,687,835,149,3525,170,0.1863195414705956,0.19793981581020148,0.50000199999999995,0.50000001999999999,0.0024096040000000001
rlc_r0.5_a100_t0.001_b0,1,1,0,1,706,842,137,3534,168,0.16352903610246017,0.17197954513563474,0.50000199999999995,0.50000001999999999,0.0023722130000000002
rlc_r20_a0.001_t9.9999999999999995e-07_b0,0,0,0,1,351,383,33,3447,383,5.2853037512973905e-09,2.143332307165749e-08,7.0000000000000007e-06,5.0200000000000002e-06,0.0020087429999999999
rlc_r20_a0.001_t9.9999999999999995e-07_b0,0,1,0,1,542,573,32,5157,573,2.5971912233105599e-09,2.1506265298772121e-08,7.0000000000000007e-06,5.0200000000000002e-06,0.002970749
rlc_r20_a0.001_t9.9999999999999995e-07_b0,1,0,0,1,356,380,25,1554,69,1.3519737172991951e-08,1.839899384460848e-08,7.0000000000000007e-06,5.0200000000000002e-06,0.0010606540000000001
rlc_r20_a0.001_t9.9999999999999995e-07_b0,1,1,0,1,546,571,26,2175,77,1.9353359926471171e-09,1.8963011096836111e-08,7.0000000000000007e-06,5.0200000000000002e-06,0.0014620449999999999
rlc_r20_a1_t9.9999999999999995e-07_b0,0,0,0,1,396,439,44,3951,439,4.1781825185216448e-06,1.9377624636982005e-05,0.0050020000000000004,0.00500002,0.0023174490000000001
rlc_r20_a1_t9.9999999999999995e-07_b0,0,1,0,1,587,627,41,5643,627,1.3662909706391169e-06,1.9344564937587294e-05,0.0050020000000000004,0.00500002,0.0032324570000000002
rlc_r20_a1_t9.9999999999999995e-07_b0,1,0,0,1,404,448,45,1854,85,9.3410699921192553e-06,1.7609918121358481e-05,0.0050020000000000004,0.00500002,0.0012442219999999999
rlc_r20_a1_t9.9999999999999995e-07_b0,1,1,0,1,594,637,44,2463,92,1.1407971624577407e-06,1.7500992896157808e-05,0.0050020000000000004,0.00500002,0.001637388
rlc_r20_a1_t0.001_b400,0,0,0,1,396,439,44,3951,439,4.195185198341278e-06,1.9377089477454201e-05,0.0050020000000000004,0.00500002,0.002288544
rlc_r20_a1_t0.001_b400,0,1,0,1,587,627,41,5643,627,1.382349988532372e-06,1.9344093572404297e-05,0.0050020000000000004,0.00500002,0.0032604790000000002
rlc_r20_a1_t0.001_b400,1,0,0,1,404,448,45,1854,85,9.3570839041490217e-06,1.7609513634497809e-05,0.0050020000000000004,0.00500002,0.0012443619999999999
rlc_r20_a1_t0.001_b400,1,1,0,1,594,637,44,2463,92,1.1568295406050311e-06,1.7500589286720269e-05,0.0050020000000000004,0.00500002,0.001647007
rlc_r20_a100_t0.001_b0,0,0,0,1,413,461,49,4149,461,0.00060431306024355536,0.0019194391498551511,0.50000199999999995,0.50000001999999999,0.0023854879999999998
rlc_r20_a100_t0.001_b0,0,1,0,1,604,650,47,5850,650,0.00018924052167790251,0.0019335718893511711,0.50000199999999995,0.50000001999999999,0.003403681
rlc_r20_a100_t0.001_b0,1,0,0,1,424,469,46,1953,91,0.00043172909376920643,0.0017499868037109678,0.50000199999999995,0.50000001999999999,0.0012799599999999999
rlc_r20_a100_t0.001_b0,1,1,0,1,612,661,50,2595,102,0.00036499573167247945,0.001735542029866366,0.50000199999999995,0.50000001999999999,0.001717341
nonlinear_charge_a0.001,0,0,0,0,144,169,26,1863,169,1.1255450172999662e-05,0,2.2000000000000001e-06,0,0.0010419990000000001
nonlinear_charge_a0.001,0,1,0,0,205,225,21,2421,225,1.0284860102692009e-05,0,2.2000000000000001e-06,0,0.001228301
nonlinear_charge_a0.001,1,0,0,0,145,170,26,901,39,1.2470167178369575e-05,0,2.2000000000000001e-06,0,0.00051128100000000004
nonlinear_charge_a0.001,1,1,0,0,206,228,23,1099,40,1.0122467705221051e-05,0,2.2000000000000001e-06,0,0.00067971999999999998
nonlinear_charge_a1,0,0,0,0,195,246,52,2717,246,0.0043881161179644404,0,0.0020002000000000002,0,0.0014063599999999999
nonlinear_charge_a1,0,1,0,0,253,298,46,3226,298,0.0041320737472587236,0,0.0020002000000000002,0,0.001633801
nonlinear_charge_a1,1,0,0,0,193,238,46,1267,58,0.0051675459275939521,0,0.0020002000000000002,0,0.000705599
nonlinear_charge_a1,1,1,0,0,250,291,42,1475,63,0.005409185708578468,0,0.0020002000000000002,0,0.00079655199999999996
nonlinear_charge_a100,0,0,0,0,195,248,54,2734,248,0.65169252807812905,0,0.20000020000000002,0,0.001378326
nonlinear_charge_a100,0,1,0,0,252,298,47,3219,298,0.49764805871921081,0,0.20000020000000002,0,0.001620907
nonlinear_charge_a100,1,0,0,0,193,242,50,1290,60,0.52349729354772134,0,0.20000020000000002,0,0.00071188200000000005
nonlinear_charge_a100,1,1,0,0,251,292,42,1459,61,0.43080571115169136,0,0.20000020000000002,0,0.00080606000000000004
